;title;price;post link;image link
0;Neumático Yokohama BluEarth-Es ES32 225/45R17 94 V;300.450;https://www.mercadolibre.com.ar/neumatico-yokohama-bluearth-es-es32-22545r17-94-v/p/MLA14921628#polycard_client=search-nordic&searchVariation=MLA14921628&position=2&search_layout=stack&type=product&tracking_id=51734fd9-840c-4fc9-afe8-bbcd350a30d2&wid=MLA1626804606&sid=search;https://http2.mlstatic.com/D_Q_NP_2X_891944-MLA74781926857_022024-V.webp
1;Kit de 2 neumáticos Yokohama BluEarth-Es ES32 225/45R17 94 V;475.145;https://www.mercadolibre.com.ar/kit-de-2-neumaticos-yokohama-bluearth-es-es32-22545r17-94-v/p/MLA27934890#polycard_client=search-nordic&searchVariation=MLA27934890&position=3&search_layout=stack&type=product&tracking_id=51734fd9-840c-4fc9-afe8-bbcd350a30d2&wid=MLA1419535429&sid=search;https://http2.mlstatic.com/D_Q_NP_2X_668807-MLU73592597182_122023-V.webp
2;Neumático Yokohama Bluearth-es Es32 225/45r17 94 V;341.537;https://articulo.mercadolibre.com.ar/MLA-1392421159-neumatico-yokohama-bluearth-es-es32-22545r17-94-v-_JM?searchVariation=178986827424#polycard_client=search-nordic&searchVariation=178986827424&position=6&search_layout=stack&type=item&tracking_id=51734fd9-840c-4fc9-afe8-bbcd350a30d2;https://http2.mlstatic.com/D_Q_NP_2X_891944-MLA74781926857_022024-V.webp
3;Neumático Yokohama Bluearth-es Es32 225/45r17 94 V;314.260;https://articulo.mercadolibre.com.ar/MLA-1392434205-neumatico-yokohama-bluearth-es-es32-22545r17-94-v-_JM?searchVariation=178986805728#polycard_client=search-nordic&searchVariation=178986805728&position=7&search_layout=stack&type=item&tracking_id=51734fd9-840c-4fc9-afe8-bbcd350a30d2;https://http2.mlstatic.com/D_Q_NP_2X_891944-MLA74781926857_022024-V.webp
4;Neumático Yokohama Bluearth-es Es32 225/45r17 94 V;296.471;https://articulo.mercadolibre.com.ar/MLA-1392446869-neumatico-yokohama-bluearth-es-es32-22545r17-94-v-_JM?searchVariation=178986863310#polycard_client=search-nordic&searchVariation=178986863310&position=8&search_layout=stack&type=item&tracking_id=51734fd9-840c-4fc9-afe8-bbcd350a30d2;https://http2.mlstatic.com/D_Q_NP_2X_891944-MLA74781926857_022024-V.webp
5;Neumáticos Yokohama 225 45 R17 94v Bluearth Es32;387.568;https://articulo.mercadolibre.com.ar/MLA-1851219314-neumaticos-yokohama-225-45-r17-94v-bluearth-es32-_JM?searchVariation=181129142600#polycard_client=search-nordic&searchVariation=181129142600&position=9&search_layout=stack&type=item&tracking_id=51734fd9-840c-4fc9-afe8-bbcd350a30d2;https://http2.mlstatic.com/D_Q_NP_2X_891944-MLA74781926857_022024-V.webp
6;Neumáticos Yokohama 225 45 R17 94v Bluearth Es32;423.980;https://articulo.mercadolibre.com.ar/MLA-679367408-neumaticos-yokohama-225-45-r17-94v-bluearth-es32-_JM#polycard_client=search-nordic&position=10&search_layout=stack&type=item&tracking_id=51734fd9-840c-4fc9-afe8-bbcd350a30d2;https://http2.mlstatic.com/D_Q_NP_2X_912052-MLA31127833399_062019-V.webp
7;Neumático Yokohama 225 45 17 94v Bluearth Es32 ;434.261;https://articulo.mercadolibre.com.ar/MLA-909617969-neumatico-yokohama-225-45-17-94v-bluearth-es32-_JM?searchVariation=174483313164#polycard_client=search-nordic&searchVariation=174483313164&position=11&search_layout=stack&type=item&tracking_id=51734fd9-840c-4fc9-afe8-bbcd350a30d2;https://http2.mlstatic.com/D_Q_NP_2X_954215-MLA44991932132_022021-V.webp
8;Neumático Yokohama Bluearth-es Es32 225/45r17 94 V;326.830;https://articulo.mercadolibre.com.ar/MLA-1392472753-neumatico-yokohama-bluearth-es-es32-22545r17-94-v-_JM?searchVariation=180273523045#polycard_client=search-nordic&searchVariation=180273523045&position=12&search_layout=stack&type=item&tracking_id=51734fd9-840c-4fc9-afe8-bbcd350a30d2;https://http2.mlstatic.com/D_Q_NP_2X_891944-MLA74781926857_022024-V.webp
9;Kit X2 Neumáticos Yokohama  225/45 R17 Castagno Neumaticos ;619.500;https://articulo.mercadolibre.com.ar/MLA-1425130017-kit-x2-neumaticos-yokohama-22545-r17-castagno-neumaticos-_JM?searchVariation=180426141340#polycard_client=search-nordic&searchVariation=180426141340&position=13&search_layout=stack&type=item&tracking_id=51734fd9-840c-4fc9-afe8-bbcd350a30d2;https://http2.mlstatic.com/D_Q_NP_2X_668807-MLU73592597182_122023-V.webp
10;Kit X2 Neumáticos Yokohama 225 45 R17 94v Es32;847.960;https://articulo.mercadolibre.com.ar/MLA-859643222-kit-x2-neumaticos-yokohama-225-45-r17-94v-es32-_JM#polycard_client=search-nordic&position=14&search_layout=stack&type=item&tracking_id=51734fd9-840c-4fc9-afe8-bbcd350a30d2;https://http2.mlstatic.com/D_Q_NP_2X_904263-MLA42048428782_062020-V.webp
11;Neumáticos Yokohama 225 45 17 94v Es32 Envio;324.677;https://articulo.mercadolibre.com.ar/MLA-931847938-neumaticos-yokohama-225-45-17-94v-es32-envio-_JM#polycard_client=search-nordic&position=15&search_layout=stack&type=item&tracking_id=51734fd9-840c-4fc9-afe8-bbcd350a30d2;https://http2.mlstatic.com/D_Q_NP_2X_735587-MLA49079341822_022022-V.webp
12;Neumatico Yokohama 225 45 17;299.060;https://articulo.mercadolibre.com.ar/MLA-1395885559-neumatico-yokohama-225-45-17-_JM?searchVariation=179234514634#polycard_client=search-nordic&searchVariation=179234514634&position=16&search_layout=stack&type=item&tracking_id=51734fd9-840c-4fc9-afe8-bbcd350a30d2;https://http2.mlstatic.com/D_Q_NP_2X_631896-MLA72900686869_112023-V.webp
13;Neumático Yokohama 225 45 17 94v Es32 Envio;380.000;https://articulo.mercadolibre.com.ar/MLA-1139863824-neumatico-yokohama-225-45-17-94v-es32-envio-_JM?searchVariation=174586110229#polycard_client=search-nordic&searchVariation=174586110229&position=17&search_layout=stack&type=item&tracking_id=51734fd9-840c-4fc9-afe8-bbcd350a30d2;https://http2.mlstatic.com/D_Q_NP_2X_910626-MLA50149999031_052022-V.webp
14;Neumático Yokohama 225 50 17 94v Bluearth Es32a Envio;310.972;https://articulo.mercadolibre.com.ar/MLA-789022014-neumatico-yokohama-225-50-17-94v-bluearth-es32a-envio-_JM#polycard_client=search-nordic&position=18&search_layout=stack&type=item&tracking_id=51734fd9-840c-4fc9-afe8-bbcd350a30d2;https://http2.mlstatic.com/D_Q_NP_2X_706359-MLA49079413813_022022-V.webp
15;Neumatico Yokohama 225 45 17 Es32 94v Envio ;324.677;https://articulo.mercadolibre.com.ar/MLA-901666596-neumatico-yokohama-225-45-17-es32-94v-envio-_JM#polycard_client=search-nordic&position=19&search_layout=stack&type=item&tracking_id=51734fd9-840c-4fc9-afe8-bbcd350a30d2;https://http2.mlstatic.com/D_Q_NP_2X_942209-MLA44376126110_122020-V.webp
16;Neumatico Yokohama 225 45 17 94v Bluearth Es32;324.677;https://articulo.mercadolibre.com.ar/MLA-1124340087-neumatico-yokohama-225-45-17-94v-bluearth-es32-_JM?searchVariation=174220505595#polycard_client=search-nordic&searchVariation=174220505595&position=20&search_layout=stack&type=item&tracking_id=51734fd9-840c-4fc9-afe8-bbcd350a30d2;https://http2.mlstatic.com/D_Q_NP_2X_821675-MLA49099454856_022022-V.webp
17;Neumáticos Yokohama 225 45 17 94v Bluearth Es32;324.677;https://articulo.mercadolibre.com.ar/MLA-789019110-neumaticos-yokohama-225-45-17-94v-bluearth-es32-_JM#polycard_client=search-nordic&position=21&search_layout=stack&type=item&tracking_id=51734fd9-840c-4fc9-afe8-bbcd350a30d2;https://http2.mlstatic.com/D_Q_NP_2X_801728-MLA49079390531_022022-V.webp
18;Neumatico Yokohama 225 45 17 Es32 94v Frd;324.677;https://articulo.mercadolibre.com.ar/MLA-901667177-neumatico-yokohama-225-45-17-es32-94v-frd-_JM#polycard_client=search-nordic&position=22&search_layout=stack&type=item&tracking_id=51734fd9-840c-4fc9-afe8-bbcd350a30d2;https://http2.mlstatic.com/D_Q_NP_2X_923019-MLA44376126169_122020-V.webp
19;Neumatico Yokohama 225 50 17 Es32 94v Envio ;310.972;https://articulo.mercadolibre.com.ar/MLA-907636967-neumatico-yokohama-225-50-17-es32-94v-envio-_JM#polycard_client=search-nordic&position=23&search_layout=stack&type=item&tracking_id=51734fd9-840c-4fc9-afe8-bbcd350a30d2;https://http2.mlstatic.com/D_Q_NP_2X_903972-MLA44839582516_022021-V.webp
20;Neumático Yokohama 225 50 R17 94v Bluearth Es32a;269.858;https://www.mercadolibre.com.ar/neumatico-yokohama-225-50-r17-94v-bluearth-es32a/p/MLA29524955#polycard_client=search-nordic&searchVariation=MLA29524955&position=4&search_layout=stack&type=product&tracking_id=51734fd9-840c-4fc9-afe8-bbcd350a30d2&wid=MLA1782628556&sid=search;https://http2.mlstatic.com/D_Q_NP_2X_615934-MLU75346262559_032024-V.webp
21;Neumático Yokohama 225 50 R17 94v Bluearth Es32a;368.559;https://articulo.mercadolibre.com.ar/MLA-736402771-neumatico-yokohama-225-50-r17-94v-bluearth-es32a-_JM#polycard_client=search-nordic&position=24&search_layout=stack&type=item&tracking_id=51734fd9-840c-4fc9-afe8-bbcd350a30d2;https://http2.mlstatic.com/D_Q_NP_2X_848662-MLA31046293313_062019-V.webp
22;Neumático Yokohama 225 50 R17 94v Bluearth Es32a;370.418;https://articulo.mercadolibre.com.ar/MLA-1438342999-neumatico-yokohama-225-50-r17-94v-bluearth-es32a-_JM#polycard_client=search-nordic&position=25&search_layout=stack&type=item&tracking_id=51734fd9-840c-4fc9-afe8-bbcd350a30d2;https://http2.mlstatic.com/D_Q_NP_2X_615934-MLU75346262559_032024-V.webp
23;Kit X2 Neumático Yokohama 225 50 R17 94v Bluearth Es32a;736.888;https://articulo.mercadolibre.com.ar/MLA-851792740-kit-x2-neumatico-yokohama-225-50-r17-94v-bluearth-es32a-_JM#polycard_client=search-nordic&position=26&search_layout=stack&type=item&tracking_id=51734fd9-840c-4fc9-afe8-bbcd350a30d2;https://http2.mlstatic.com/D_Q_NP_2X_725250-MLA41559355420_042020-V.webp
24;Kit X2 Neumáticos Yokohama 215 55 R17 94v Bluearth Es32 Hrv;1.106.604;https://articulo.mercadolibre.com.ar/MLA-733912748-kit-x2-neumaticos-yokohama-215-55-r17-94v-bluearth-es32-hrv-_JM#polycard_client=search-nordic&position=27&search_layout=stack&type=item&tracking_id=51734fd9-840c-4fc9-afe8-bbcd350a30d2;https://http2.mlstatic.com/D_Q_NP_2X_696128-MLA27633077080_062018-V.webp
25;Neumático 215 45 R17 91v Yokohama Bluearth-es Es32;247.947;https://www.mercadolibre.com.ar/neumatico-215-45-r17-91v-yokohama-bluearth-es-es32/p/MLA32271278#polycard_client=search-nordic&searchVariation=MLA32271278&position=5&search_layout=stack&type=product&tracking_id=51734fd9-840c-4fc9-afe8-bbcd350a30d2&wid=MLA1750140506&sid=search;https://http2.mlstatic.com/D_Q_NP_2X_725524-MLU74420949973_022024-V.webp
26;Pneu Yokohama 235/45 R17 97v Es32;599.999;https://www.mercadolibre.com.ar/pneu-yokohama-23545-r17-97v-es32/p/MLA29284054#polycard_client=search-nordic&searchVariation=MLA29284054&position=1&search_layout=stack&type=product&tracking_id=51734fd9-840c-4fc9-afe8-bbcd350a30d2&wid=MLA1781353078&sid=search;https://http2.mlstatic.com/D_Q_NP_2X_872768-MLU73531716898_122023-V.webp
27;Neumático Yokohama 225 50 17 94v Es32;383.000;https://articulo.mercadolibre.com.ar/MLA-1343636910-neumatico-yokohama-225-50-17-94v-es32-_JM?searchVariation=176599299777#polycard_client=search-nordic&searchVariation=176599299777&position=28&search_layout=stack&type=item&tracking_id=51734fd9-840c-4fc9-afe8-bbcd350a30d2;https://http2.mlstatic.com/D_Q_NP_2X_731750-MLA49326491271_032022-V.webp
28;Neumático Yokohama 235 45 R17 97v Bluearth Es32a;490.989;https://articulo.mercadolibre.com.ar/MLA-752547758-neumatico-yokohama-235-45-r17-97v-bluearth-es32a-_JM#polycard_client=search-nordic&position=29&search_layout=stack&type=item&tracking_id=51734fd9-840c-4fc9-afe8-bbcd350a30d2;https://http2.mlstatic.com/D_Q_NP_2X_734042-MLA31135517420_062019-V.webp
29;Neumático Yokohama 205 45 R17 84v Bluearth Es32;443.149;https://articulo.mercadolibre.com.ar/MLA-628363536-neumatico-yokohama-205-45-r17-84v-bluearth-es32-_JM#polycard_client=search-nordic&position=30&search_layout=stack&type=item&tracking_id=51734fd9-840c-4fc9-afe8-bbcd350a30d2;https://http2.mlstatic.com/D_Q_NP_2X_641671-MLA32053316795_092019-V.webp
30;Neumático Yokohama 225 50 17 94v Es32 Honda Accord;310.972;https://articulo.mercadolibre.com.ar/MLA-789022276-neumatico-yokohama-225-50-17-94v-es32-honda-accord-_JM#polycard_client=search-nordic&position=31&search_layout=stack&type=item&tracking_id=51734fd9-840c-4fc9-afe8-bbcd350a30d2;https://http2.mlstatic.com/D_Q_NP_2X_882597-MLA49079470121_022022-V.webp
31;Neumático Yokohama 215 45 R17 91v Bluearth Es32;329.173;https://articulo.mercadolibre.com.ar/MLA-679991031-neumatico-yokohama-215-45-r17-91v-bluearth-es32-_JM#polycard_client=search-nordic&position=32&search_layout=stack&type=item&tracking_id=51734fd9-840c-4fc9-afe8-bbcd350a30d2;https://http2.mlstatic.com/D_Q_NP_2X_734891-MLA31017342816_062019-V.webp
32;Neumático Yokohama 205 45 R17 84v Bluearth Es32;599.999;https://articulo.mercadolibre.com.ar/MLA-836034414-neumatico-yokohama-205-45-r17-84v-bluearth-es32-_JM#polycard_client=search-nordic&position=33&search_layout=stack&type=item&tracking_id=51734fd9-840c-4fc9-afe8-bbcd350a30d2;https://http2.mlstatic.com/D_Q_NP_2X_641671-MLA32053316795_092019-V.webp
33;Neumático 215 45 17 91v Bluearth Es32 Yokohama Envio;334.400;https://articulo.mercadolibre.com.ar/MLA-1435731071-neumatico-215-45-17-91v-bluearth-es32-yokohama-envio-_JM?searchVariation=183460149271#polycard_client=search-nordic&searchVariation=183460149271&position=34&search_layout=stack&type=item&tracking_id=51734fd9-840c-4fc9-afe8-bbcd350a30d2;https://http2.mlstatic.com/D_Q_NP_2X_910626-MLA50149999031_052022-V.webp
34;Neumático Yokohama 205 45 17 88w Es32 Cubierta Con Envío;663.500;https://articulo.mercadolibre.com.ar/MLA-1121063469-neumatico-yokohama-205-45-17-88w-es32-cubierta-con-envio-_JM?searchVariation=174137144327#polycard_client=search-nordic&searchVariation=174137144327&position=35&search_layout=stack&type=item&tracking_id=51734fd9-840c-4fc9-afe8-bbcd350a30d2;https://http2.mlstatic.com/D_Q_NP_2X_884528-MLA47678737616_092021-V.webp
35;Neumático  215 45 17 91v  Bluearth Es32  Yokohama Envio;334.400;https://articulo.mercadolibre.com.ar/MLA-923188929-neumatico-215-45-17-91v-bluearth-es32-yokohama-envio-_JM#polycard_client=search-nordic&position=36&search_layout=stack&type=item&tracking_id=51734fd9-840c-4fc9-afe8-bbcd350a30d2;https://http2.mlstatic.com/D_Q_NP_2X_928783-MLA46218546413_052021-V.webp
36; Neumáticos Yokohama 205 45 17 84v Bluearth Es32 Cubierta;663.500;https://articulo.mercadolibre.com.ar/MLA-909615935-neumaticos-yokohama-205-45-17-84v-bluearth-es32-cubierta-_JM#polycard_client=search-nordic&position=37&search_layout=stack&type=item&tracking_id=51734fd9-840c-4fc9-afe8-bbcd350a30d2;https://http2.mlstatic.com/D_Q_NP_2X_961947-MLA44991930283_022021-V.webp
37;Yokohama Es 32 205 45 17 84 V Bluearth;424.166;https://articulo.mercadolibre.com.ar/MLA-1538220654-yokohama-es-32-205-45-17-84-v-bluearth-_JM?searchVariation=178987336062#polycard_client=search-nordic&searchVariation=178987336062&position=38&search_layout=stack&type=item&tracking_id=51734fd9-840c-4fc9-afe8-bbcd350a30d2;https://http2.mlstatic.com/D_Q_NP_2X_983283-MLA72286520885_102023-V.webp
38;Yokohama Es 32 205 45 17 84 V Bluearth;443.254;https://articulo.mercadolibre.com.ar/MLA-1750446920-yokohama-es-32-205-45-17-84-v-bluearth-_JM?searchVariation=180363058552#polycard_client=search-nordic&searchVariation=180363058552&position=39&search_layout=stack&type=item&tracking_id=51734fd9-840c-4fc9-afe8-bbcd350a30d2;https://http2.mlstatic.com/D_Q_NP_2X_983283-MLA72286520885_102023-V.webp
39;Yokohama Es 32 205 45 17 84 V Bluearth;366.444;https://articulo.mercadolibre.com.ar/MLA-1538246228-yokohama-es-32-205-45-17-84-v-bluearth-_JM?searchVariation=178987382754#polycard_client=search-nordic&searchVariation=178987382754&position=40&search_layout=stack&type=item&tracking_id=51734fd9-840c-4fc9-afe8-bbcd350a30d2;https://http2.mlstatic.com/D_Q_NP_2X_983283-MLA72286520885_102023-V.webp
40;Yokohama Es 32 215 45 17 Bluearth;260.344;https://articulo.mercadolibre.com.ar/MLA-1392409205-yokohama-es-32-215-45-17-bluearth-_JM?searchVariation=178987071640#polycard_client=search-nordic&searchVariation=178987071640&position=41&search_layout=stack&type=item&tracking_id=51734fd9-840c-4fc9-afe8-bbcd350a30d2;https://http2.mlstatic.com/D_Q_NP_2X_983283-MLA72286520885_102023-V.webp
41;Yokohama Es 32 205 45 17 84 V Bluearth;384.766;https://articulo.mercadolibre.com.ar/MLA-1392517871-yokohama-es-32-205-45-17-84-v-bluearth-_JM?searchVariation=178987349544#polycard_client=search-nordic&searchVariation=178987349544&position=42&search_layout=stack&type=item&tracking_id=51734fd9-840c-4fc9-afe8-bbcd350a30d2;https://http2.mlstatic.com/D_Q_NP_2X_983283-MLA72286520885_102023-V.webp
42;Yokohama Es 32 205 45 17 84 V Bluearth;407.852;https://articulo.mercadolibre.com.ar/MLA-1538207656-yokohama-es-32-205-45-17-84-v-bluearth-_JM?searchVariation=178987372058#polycard_client=search-nordic&searchVariation=178987372058&position=43&search_layout=stack&type=item&tracking_id=51734fd9-840c-4fc9-afe8-bbcd350a30d2;https://http2.mlstatic.com/D_Q_NP_2X_983283-MLA72286520885_102023-V.webp
43;Neumático 215 45 R17 91v Yokohama Bluearth-es Es32;340.341;https://articulo.mercadolibre.com.ar/MLA-1832879864-neumatico-215-45-r17-91v-yokohama-bluearth-es-es32-_JM#polycard_client=search-nordic&position=44&search_layout=stack&type=item&tracking_id=51734fd9-840c-4fc9-afe8-bbcd350a30d2;https://http2.mlstatic.com/D_Q_NP_2X_725524-MLU74420949973_022024-V.webp
44;Yokohama Es 32 215 45 17 Bluearth;287.000;https://articulo.mercadolibre.com.ar/MLA-1392421839-yokohama-es-32-215-45-17-bluearth-_JM?searchVariation=178987124020#polycard_client=search-nordic&searchVariation=178987124020&position=45&search_layout=stack&type=item&tracking_id=51734fd9-840c-4fc9-afe8-bbcd350a30d2;https://http2.mlstatic.com/D_Q_NP_2X_983283-MLA72286520885_102023-V.webp
45;Yokohama Es 32 215 45 17 Bluearth;275.964;https://articulo.mercadolibre.com.ar/MLA-1392473439-yokohama-es-32-215-45-17-bluearth-_JM?searchVariation=178987051740#polycard_client=search-nordic&searchVariation=178987051740&position=46&search_layout=stack&type=item&tracking_id=51734fd9-840c-4fc9-afe8-bbcd350a30d2;https://http2.mlstatic.com/D_Q_NP_2X_983283-MLA72286520885_102023-V.webp
46;Yokohama Es 32 215 45 17 Bluearth;299.918;https://articulo.mercadolibre.com.ar/MLA-1750450250-yokohama-es-32-215-45-17-bluearth-_JM?searchVariation=180363730356#polycard_client=search-nordic&searchVariation=180363730356&position=47&search_layout=stack&type=item&tracking_id=51734fd9-840c-4fc9-afe8-bbcd350a30d2;https://http2.mlstatic.com/D_Q_NP_2X_983283-MLA72286520885_102023-V.webp
47;Kit X2 Neumático 205 45 R17 Es32 Yokohama Mini/ Ds3/208 Gti;886.298;https://articulo.mercadolibre.com.ar/MLA-812616120-kit-x2-neumatico-205-45-r17-es32-yokohama-mini-ds3208-gti-_JM#polycard_client=search-nordic&position=48&search_layout=stack&type=item&tracking_id=51734fd9-840c-4fc9-afe8-bbcd350a30d2;https://http2.mlstatic.com/D_Q_NP_2X_960395-MLA32053557225_092019-V.webp
48;Kit X2 Neumáticos Yokohama 215 45 R17 91v Bluearth Es32;658.348;https://articulo.mercadolibre.com.ar/MLA-679995373-kit-x2-neumaticos-yokohama-215-45-r17-91v-bluearth-es32-_JM#polycard_client=search-nordic&position=49&search_layout=stack&type=item&tracking_id=51734fd9-840c-4fc9-afe8-bbcd350a30d2;https://http2.mlstatic.com/D_Q_NP_2X_877027-MLA31035087054_062019-V.webp
49;Neumático Yokohama 205 45 17 84v Es32 Envio;416.906;https://articulo.mercadolibre.com.ar/MLA-765969391-neumatico-yokohama-205-45-17-84v-es32-envio-_JM?searchVariation=41378813781#polycard_client=search-nordic&searchVariation=41378813781&position=1&search_layout=stack&type=item&tracking_id=2382ff2a-56a3-4077-8bfa-9d64743b60d0;https://http2.mlstatic.com/D_Q_NP_2X_809700-MLA49161930434_022022-V.webp
50;Neumatico Yokohama 205 45 17 84v Es32;416.906;https://articulo.mercadolibre.com.ar/MLA-1124823319-neumatico-yokohama-205-45-17-84v-es32-_JM#polycard_client=search-nordic&position=2&search_layout=stack&type=item&tracking_id=2382ff2a-56a3-4077-8bfa-9d64743b60d0;https://http2.mlstatic.com/D_Q_NP_2X_898156-MLA70215193459_062023-V.webp
51;Neumatico Yokohama 235 45 17 97v Bluearth Es32a;405.012;https://articulo.mercadolibre.com.ar/MLA-1123349673-neumatico-yokohama-235-45-17-97v-bluearth-es32a-_JM#polycard_client=search-nordic&position=3&search_layout=stack&type=item&tracking_id=2382ff2a-56a3-4077-8bfa-9d64743b60d0;https://http2.mlstatic.com/D_Q_NP_2X_900435-MLA49099455077_022022-V.webp
52;     Neumático Yokohama 215 45 17 91v Bluearth Es32 ;286.941;https://articulo.mercadolibre.com.ar/MLA-772482920-neumatico-yokohama-215-45-17-91v-bluearth-es32-_JM?searchVariation=41378813335#polycard_client=search-nordic&searchVariation=41378813335&position=4&search_layout=stack&type=item&tracking_id=2382ff2a-56a3-4077-8bfa-9d64743b60d0;https://http2.mlstatic.com/D_Q_NP_2X_810911-MLA49162269023_022022-V.webp
53;Neumático Yokohama 205 45 17 84v Es32;416.906;https://articulo.mercadolibre.com.ar/MLA-1124823361-neumatico-yokohama-205-45-17-84v-es32-_JM#polycard_client=search-nordic&position=5&search_layout=stack&type=item&tracking_id=2382ff2a-56a3-4077-8bfa-9d64743b60d0;https://http2.mlstatic.com/D_Q_NP_2X_963759-MLA70193754784_062023-V.webp
54;Neumático Yokohama 205 45 17 84v Bluearth Es32;416.906;https://articulo.mercadolibre.com.ar/MLA-818050650-neumatico-yokohama-205-45-17-84v-bluearth-es32-_JM#polycard_client=search-nordic&position=6&search_layout=stack&type=item&tracking_id=2382ff2a-56a3-4077-8bfa-9d64743b60d0;https://http2.mlstatic.com/D_Q_NP_2X_923492-MLA49161950065_022022-V.webp
55;Neumático Yokohama 205 45 17 84v Bluearth Es32;416.906;https://articulo.mercadolibre.com.ar/MLA-897743443-neumatico-yokohama-205-45-17-84v-bluearth-es32-_JM#polycard_client=search-nordic&position=7&search_layout=stack&type=item&tracking_id=2382ff2a-56a3-4077-8bfa-9d64743b60d0;https://http2.mlstatic.com/D_Q_NP_2X_865099-MLA49079237740_022022-V.webp
56;Neumático Yokohama 215 45 17 91v Bluearth Es32 ;286.941;https://articulo.mercadolibre.com.ar/MLA-789001873-neumatico-yokohama-215-45-17-91v-bluearth-es32-_JM#polycard_client=search-nordic&position=8&search_layout=stack&type=item&tracking_id=2382ff2a-56a3-4077-8bfa-9d64743b60d0;https://http2.mlstatic.com/D_Q_NP_2X_756160-MLA49079298881_022022-V.webp
57;Neumatico Yokohama 225 50 17 Es32 94v Frd;310.972;https://articulo.mercadolibre.com.ar/MLA-907636104-neumatico-yokohama-225-50-17-es32-94v-frd-_JM#polycard_client=search-nordic&position=9&search_layout=stack&type=item&tracking_id=2382ff2a-56a3-4077-8bfa-9d64743b60d0;https://http2.mlstatic.com/D_Q_NP_2X_629437-MLA44839586474_022021-V.webp
58;Neumatico Yokohama 215 45 17 Es32 91v Envio ;286.941;https://articulo.mercadolibre.com.ar/MLA-907635478-neumatico-yokohama-215-45-17-es32-91v-envio-_JM#polycard_client=search-nordic&position=10&search_layout=stack&type=item&tracking_id=2382ff2a-56a3-4077-8bfa-9d64743b60d0;https://http2.mlstatic.com/D_Q_NP_2X_643416-MLA44839582972_022021-V.webp
59;Neumatico Yokohama 235 45 17  Es32 97v Envio;405.012;https://articulo.mercadolibre.com.ar/MLA-907636086-neumatico-yokohama-235-45-17-es32-97v-envio-_JM#polycard_client=search-nordic&position=11&search_layout=stack&type=item&tracking_id=2382ff2a-56a3-4077-8bfa-9d64743b60d0;https://http2.mlstatic.com/D_Q_NP_2X_670654-MLA44839582986_022021-V.webp
60;Neumatico Yokohama 235 45 17  Es32 97v Frd;405.012;https://articulo.mercadolibre.com.ar/MLA-907637003-neumatico-yokohama-235-45-17-es32-97v-frd-_JM#polycard_client=search-nordic&position=12&search_layout=stack&type=item&tracking_id=2382ff2a-56a3-4077-8bfa-9d64743b60d0;https://http2.mlstatic.com/D_Q_NP_2X_650033-MLA44839586531_022021-V.webp
